utterance,emotion
also I was the point person on my companys transition from the KL-5 to GR-6 system.,neutral
You mustve had your hands full.,neutral
That I did. That I did.,neutral
So lets talk a little bit about your duties.,neutral
My duties?  All right.,surprise
"Now youll be heading a whole division, so youll have a lot of duties.",neutral
I see.,neutral
But therell be perhaps 30 people under you so you can dump a certain amount on them.,neutral
Good to know.,neutral
We can go into detail,neutral
No dont I beg of you!,fear
"All right then, well have a definite answer for you on Monday, but I think I can say with some confidence, youll fit in well here.",neutral
Really?!,surprise
Absolutely.  You can relax; you did great.,neutral
But then who? The waitress I went out with last month?,surprise
You know? Forget it!,non-neutral
"No-no-no-no, no! Who, who were you talking about?",surprise
"No, I-I-I-I don't, I actually don't know",non-neutral
Ok!,neutral
"All right, well...",neutral
I'm gonna see if I can get a room for the night and I'll...,non-neutral
I'll see you later!,non-neutral
"Yeah, sure!",neutral
"Hey, Mon.",neutral
Hey-hey-hey. You wanna hear something that sucks.,neutral
Do I ever.,joy
Chris says theyre closing down the bar.,sadness
No way!,surprise
"Yeah, apparently theyre turning it into some kinda coffee place.",neutral
Just coffee! Where are we gonna hang out now?,non-neutral
Got me.,sadness
Can I get a beer.,neutral
"Hey, did you pick a roommate?",neutral
You betcha!,joy
Is it the Italian guy?,neutral
"Um-mm, yeah right!",non-neutral
"Oh my God, oh my God! Poor Monica!",surprise
"What, what, what?!",surprise
What?!,surprise
He was with her when he wrote this poem.,neutral
"Look,  'My vessel so empty with nothing inside.",neutral
"Now that I've touched you, you seem emptier still.'",neutral
"He thinks Monica is empty, she is the empty vase!",surprise
You really think that is what he meant?,non-neutral
"Oh, totally. Oh, God, oh, she seemed so happy too.",sadness
Done.,neutral
Hey!,non-neutral
Hi!,non-neutral
What are you doing here?,surprise
"Ah y'know, this building is on my paper route so I...",neutral
Oh.,neutral
Hi.,neutral
Howd did it go?,neutral
"Oh well, the woman I interviewed with was pretty tough, but y'know thank God Mark coached me, because once I started talking about the fall line, she got all happy and wouldnt shut up.",joy
Im so proud of you.,joy
Me too!,joy
"Listen, Im ah, Im sorry Ive been so crazy and jealous and, its just that I like you a lot, so...",non-neutral
I know.,neutral
Yeah.,neutral
Ameri-can.,neutral
Ameri-ccan.,neutral
Ameri-can. Y'know its a,neutral
Everybody!!,surprise
Good job Joe! Well done! Top notch!,joy
You liked it? You really liked it?,surprise
"Oh-ho-ho, yeah!",joy
Which part exactly?,neutral
The whole thing! Can we go?,neutral
"Oh no-no-no, give me some specifics.",non-neutral
"I love the specifics, the specifics were the best part!",non-neutral
"Hey, what about the scene with the kangaroo? Did-did you like that part?",neutral
I was surprised to see a kangaroo in a World War I epic.,non-neutral
You fell asleep!!,anger
There was no kangaroo!,anger
They didnt take any of my suggestions!,non-neutral
Thats for coming buddy.,neutral
Ill see you later.,neutral
Dont go!,sadness
Im sorry.,sadness
Im so sorry!,sadness
Look!,surprise
This guy fell asleep!,non-neutral
He fell asleep too!,non-neutral
Be mad at him!,anger
"Or, call an ambulance.",non-neutral
"Okay, look, I think we have to tell Rachel she messed up her dessert.",neutral
"What?! What is with everybody? Its Thanksgiving, not...Truth-Day!",non-neutral
"Yes, and it is my dying wish to have that ring.",neutral
"See, if Im not buried with that ring then my spirit is going to wander the nether world for all eternity",neutral
"Okay, thats enough honey!",neutral
I dont know.  Let me see the ring.,neutral
"Great! Okay, here.",joy
All right.,neutral
Thank you. Thank you. Thank you!  And,joy
What've you been up to?,neutral
"Oh, you know, the usual, teaching aerobics, partying way too much.",neutral
"Oh, and in case you were wondering, those are my legs on the new James Bond poster.",neutral
Can you hold on a moment? I have another call.  I love her.,joy
I'm back.,neutral
"So, are we gonna get together or what?",neutral
"Um, absolutely. Uh, how 'bout tomorrow afternoon? Do you know uh, Central Perk in the Village, say, five-ish?",neutral
"Great, I'll see you then.",neutral
Ok.  Ok. Having a phone has finally paid off.,joy
"Even though you do do a good Bob impression, I'm thinkin' when she sees you tomorow, she's probably gonna realize, ""Hey, you're not Bob.""",neutral
"I'm hoping that when Bob doesn't show up, she will seek comfort in the open arms of the wry stranger at the next table.",neutral
Oh my god. You are pure evil.,disgust
"Ok, pure evil , horny and alone . I've done this",non-neutral
Nobody!,anger
Nobody respects the bucket!,anger
You wouldn't believe what people put in here!,non-neutral
Look!,anger
"Okay, does this look like a garbage can to you?",anger
No.,neutral
This is my wedding.,neutral
"All right, yknow what? We really are late! Lets go! Lets go! Lets go!!",non-neutral
Fine. Youll-youll watch it on video when we get back.,neutral
Here you go Phoebe! Here you go Phobo! Phewbedo! Phaybobo.,joy
Thank you.,neutral
"All right, lets go! Bye, Pheebs!",joy
"Bye, Pheebs!",joy
London baby!!,joy
"Oh, do you need a hug? You dont have to bring me anything!",joy
Hey! So Estelle lined up a bunch of auditions for me tomorrow and Ill have my health insurance back in no time.,joy
"Thats great, but shouldnt you be on the toilet right now?",non-neutral
Whats wrong with you?,non-neutral
Nothing!,neutral
"Well, I-I got this blinding pain in my stomach when I was lifting weights before, then I uh passed out and uh, havent been able to stand up since.",fear
"But um, I dont think its anything serious.",neutral
This sounds like a hernia. You have toyou-you go to the doctor!,surprise
"No way! Kay look, if I have to go to the doctor for anything its gonna be for this thing sticking out of my stomach!",fear
Thats a hernia.,non-neutral
Why did I have to start working out again?  Damn you 15s!,anger
I love your place! Where is this guy from?,joy
Uh thats an eighteenth century Indian artifact from Calcutta.,neutral
"Oh wow! So, youre more than just dinosaurs.",surprise
So much more.,neutral
"Well, well to sum up, were having fun, you look young.",neutral
Okay,neutral
But thats not enough. So Soheres a key to my apartment.,neutral
Really.,neutral
You dont think this is too fast.,neutral
Get Out!,anger
"Ross, can I talk to you for a minute?",neutral
"Yes, please!  So, what's going on?",neutral
"Uh, well... Joey and I broke up.",sadness
"Oh my God, wh-what happened?",surprise
"Joey is a great guy, but we're just... so different! I mean, during your speech he kept laughing at homo erectus!",sadness
I knew that was him!,non-neutral
"Anyway I just, uh, I think it's for the best.",sadness
"Hey, you ok?",neutral
I guess.,sadness
There was hum...  there was another reason that I thought it was time to end it with Joey.,neutral
I started to realize that I was having feelings for someone  else.,neutral
"Ok Geller. Last day of the conference, you know what happens to the keynote speaker.",neutral
"Oh, professor Clerk we're kind of in the middle of a conversation, here.",neutral
"Yeah, can you guys just throw him in the pool later?",neutral
Or we could throw you both in,non-neutral
"Ok, gentlemen!",anger
Please!,anger
Aren't we a little old for this?,anger
"I mean, we're scientists, right?",non-neutral
We're academics.,non-neutral
And most importantly I... you-you will have to catch us first.,joy
.,neutral
"GO, GO, GO!",joy
"Go, go, go!",joy
"Oh yeah, now everybody wants to be under this hat!",joy
Oy!!,non-neutral
Whats with all this sand?,surprise
"Oh, yeah, Bob said there might be flood damage.",neutral
"Yeah, either that, or he has a really big cat.",neutral
"Okay, see that blind guy right there? I'm gonna bash his head in later.",anger
"Oh umm, my big scene is coming up. Big scene coming up.",joy
"If you said, ""Big lima bean, bubbling up."" Would she understand the difference?",neutral
Rach? What are you doing?,neutral
"Oh boy, I just can't watch. It's too scary!",fear
It's a diaper commercial.,neutral
"Oh yeah well, you know me, babies, responsibilities, ahhh!!!",fear
Pizza delivery!,joy
I'll get it! I will get that!,joy
Hi!,joy
"Hey, you wanna get something to eat or uh, do you wanna see how long we can throw this ball back and forth? Huh?",neutral
"Uhh, the ball thing.",neutral
Yeah?,neutral
"Hey Ross, wouldn't it be great if we could go two straight hours without dropping it?!",joy
"Uhh,",neutral
Okay!,joy
Uh-oh.,fear
What?,neutral
I have to pee. And Rachel's in the bathroom!,non-neutral
"Man, I didn't think we were gonna make it!",surprise
"I know!  Don't switch hands, okay?",fear
Hey.,neutral
Hey!,neutral
How did it go with Erin?,neutral
"Oh, unbelievable! We had the best time!",joy
"Yay!! Oh so, youre not, youre not mad at us anymore?",joy
No!,non-neutral
You guys were totally right!,joy
This is so much better than the first time we went out.,joy
Yknow?,neutral
"That was so awkward, we were really nervous.",neutral
Didnt you sleep together?,neutral
"Yeah, that really calms me down.",neutral
And!,non-neutral
We have so much in common!,joy
"She loves sandwiches, sports, although she is a Met fan, not much of an issue now but if we were ever to have kids, well thats a",non-neutral
"Oh my God! Listen to you talkin about having kids. Oh my Joey.  Oh, please dont get married before I do.",surprise
Okay.,neutral
How does she do that?,surprise
I cannot sleep in a public place.,neutral
Would you look at her? She is so peaceful.,non-neutral
Oh! What what what! ...Hi.,surprise
"It's okay, y'know, you just nodded off again.",neutral
What's going on with you?,surprise
I got no sleep last night!,anger
Why?,neutral
"My grandmother has this new boyfriend, and they're both kind of insecure in bed.",disgust
"Oh, and deaf.",neutral
"So they're constantly, like, having to reassure each other that they're having a good time.",neutral
You have no idea how loud they are!,disgust
"Well, if you want, you can stay with Rachel and me tonight.",neutral
Thanks.,joy
Ew! What is that? Something exploded!,disgust
"It's just her water breaking. Calm down, will you?",neutral
"Water breaking, what do you mean? What's that, water breaking?",surprise
"Breathe, breathe, breathe.",neutral
"Are you insane? I mean Joey, is going to kill you, hes actually going to kill you dead.",surprise
Okay! You dont think I thought of that?,non-neutral
How can you not know which one?,surprise
I mean thats unbelievable.,non-neutral
"I mean, was it Gina?",neutral
Which one is Gina?,neutral
"Dark, big hair, with the airplane earrings.",neutral
"No, no, no, thats Dina.",neutral
"You see you cant tell which one is which either, dwha!!",surprise
"I dont know, you thought See you Saturday was funny.",neutral
"Look honey, Mark is in fashion okay, I like having a friend that I can share this stuff with.",neutral
You guys would never want to go to a lecture with me.,neutral
Pa-haa!! I would love to go with you.,joy
Really!?,surprise
"Yeah, hey I-I have clothes, I even pick them out.",neutral
"I mean for, for all you know I could be a fashion..... monger.",neutral
"Okay. Honey, I would love for you to go with me.  What?",joy
"What should I wear, now Im all nervous.",fear
": I know, we did it!! Hey, that was incredible, huh?!",joy
"I know, it was amazing! I mean, we totally nailed it, it was beautiful.",joy
": Thank you, listen, thanks a lot Tribbiani, . Oh my God, look at the time, I gotta catch the bus to the ball.",joy
"Oh well, okay, good luck.",non-neutral
: Yeah.,neutral
Unless you wanna practice the Foxtrot again? Or-or the Tango?,neutral
": Ahh, thanks but no. You see I-I think Im ready to dance with girls.",neutral
Go get em Treeger.,neutral
": Right.  Hey, ahh, you wanna come? Marge has a girlfriend.",neutral
Really?,surprise
": Yeah, you could dance real good with her, shes the same size as me.",neutral
"No, Im good.",neutral
"Oh God, this is so nerve wracking! How-how do you do this?",non-neutral
"Well, unfortunately, I don't get many callbacks so",neutral
Is it a good sign that they asked us to hang around after the audition?,surprise
Who knows?,neutral
"Okay uh, we have narrowed it down to Raymond, Ben, Kyle, and Joey. The rest of you, thank you very much.",neutral
Yes!! I knew it!!  Bye-bye! So long! Later!,joy
Oh this is great! I might actually get to play Ben's dad!,joy
Yeah!,joy
"Actually, that can't happen.",neutral
"Yeah because you all have such different looks, we're putting you with Raymond and Kyle with Ben.",neutral
So it'll be either you two  or you two.,neutral
"Man, this is gonna be kinda weird.",non-neutral
"Yeah, it is.",neutral
"No, we-we're gonna be like best friends, that's why it's gonna be weird.",neutral
"Okay, come on, I can't get married until I get something old, something new, something borrowed, and something blue.",non-neutral
"Okay, all right, all right, all right! Okay!  Okay, here's something, here's something blue and new.",joy
Please!,non-neutral
Are you kidding?,non-neutral
"I-I hurt three huge men, I gave a guy a bloody noseI mean I-Im not proud of it but, I really am.",non-neutral
"And its all because of you, wonderful, amazing you.",joy
I think youve got concussion.,fear
"No, no, Im serious. Thank you.",joy
Youre welcome.  Im sorry. Did I hurt you?,fear
"Its worth the pain.  Yknow what, you know what? Its not.",non-neutral
Wow! That Mike thing was interesting! I don't know what's gonna happen with Phoebe and David.,surprise
"I do! Want a hint? huh? ""I do""  ""I do"".",non-neutral
"Ok, I'm sensing that this is some kind of word play, because you are pink with barely controlled glee.",neutral
David is going to propose to Phoebe.,joy
What?  Why?,surprise
"Be-cause, we were talking about ways that he could beat Mike and I told him that Phoebe wanted to get married.",non-neutral
"Chandler, we have talked about this.",anger
You are not supposed to give people advice!,anger
Now couldn't you just have made some sort of inappropriate joke?,non-neutral
I,neutral
They've only been going out for a few weeks and Phoebe is completely hung up on Mike!,anger
"She'll say ""No"", David's heart will be broken, it will be too hard for them to recover from and then Phoebe will end up alone",non-neutral
"Man, that's some",non-neutral
"Oh, that's not what you want...",neutral
"This is my father, Paul Stevens. Dad, this is Ross Geller.",neutral
It-its great to meet you Paul.,joy
I usually prefer Elizabeths boyfriends to address me as Mr. Stevens.,neutral
"Of course, of course, Mr. Stevens.",neutral
"So Ross, what your problem?",anger
Eh-whExcuse me?,surprise
Why cant you get a girlfriend your own age?,anger
Thats funny. Umm.  Its not funny.,fear
"I can, I can see that.",neutral
"Umm, but I think if you give me umm, one chance I can, I can change your mind.",fear
Okay. Ill give you one chance to change my mind.  You got one minute.,anger
Daddy!,surprise
"Oh well, its not on TV yet.",neutral
"Well, then its not on the wall yet.",neutral
"Okay, fine, I will bring you a tape, huh?",neutral
"So umm, now do you have any of Matt Lauers clothes here? Maybe? Just ones that havent been cleaned yet?",neutral
Ooooohh!,surprise
"Oh yeah, I'm sure.  And all of a sudden his hands weren't the problem anymore.",neutral
Was it...?,surprise
"Oh, boy scouts could have camped under there.",neutral
"""Ooo,"" what?",surprise
Uma Thurman.,neutral
Oh!,surprise
The actress!,surprise
Thanks Rach.,neutral
So what are you gonna do?,surprise
You have to tell her!,joy
"It's your moral obligation, as a friend, as a woman, I think it's a feminist issue!",non-neutral
Guys?,non-neutral
"Oh, yeah, you have to tell her.",neutral
Feminist issue. That's where I went!,neutral
She is gonna hate me.,fear
"Yeah, well...",neutral
Will you marry me?,non-neutral
Its the big night! We wanted to wish you good luck!,joy
"Yeah, yeah you have the ring?",neutral
"Yeah, right here in my pocket.  Pheebs?",neutral
Oh! Oop!,surprise
"Okay, now will you guys get out of here? I want this is to be a surprise and shes gonna know.",neutral
Yeah-yeah you guys. Get out of here!,neutral
Hi guys.,neutral
You are beautiful.,joy
"Oh, thank you!   Whats going on?",joy
Were just reallyvery excited about this charity event that we have to go to.,neutral
"Okay umm, Ross?",neutral
"I'm-I'm really warm, so I'm going to be taking off my sweater.",neutral
"Now, I'm just letting you know that this is",neutral
Yep! That's hilarious!,joy
I'm sorry. I'm done. I'm done.,neutral
"Y'know, last night was embarrassing for you too.",neutral
"No, not really. I mean you've seen me naked hundreds of times.",neutral
Uh-huh. But it was a first for the rest of my building.,neutral
"Okay. All right, that's true! But y'know I just don't embarrass that easily.",neutral
What?! You totally get embarrassed!,surprise
"No, I don't! Ross, I think I'm just a more secure person than you are.",neutral
Is that so?,neutral
Hey lady! I don't care how much you want it! Okay?! I am,disgust
I cant believe it!,surprise
I did it!,joy
I rode a bike!,joy
I never thought Id be able to do that!,joy
Thank you Ross.,joy
"Oh hey, dont thank me, thank yourself. Youre the one who faced her fears and ultimately overcame them.",joy
"Well yeah, but then",non-neutral
"YeahNo-but-but-but-but! Were just gonna go home and take a shower. Now, thats not scary right?",non-neutral
Depends on what you mean by we.,neutral
"Hey, both you guys should be up there with me.",neutral
"I mean, you two are-are my I mean, Im lucky to have just one good",neutral
Thanks man.,neutral
I gotta go check something over here.,neutral
What a baby.,non-neutral
Total wuss!,non-neutral
David?,neutral
Phoebe! Hi!,joy
Oh my God!,surprise
"Wow, you look unbelievable.",joy
Yeah. What-what are you doing here?,surprise
"Well, I'm back from Minsk... permanently.",non-neutral
What happened?,surprise
"Well, remember how I was trying to achieve the positronic distillation of subatomic particles?",neutral
"Well, after eight years of research I discovered that it can't be done.",sadness
"Well, it's great that you're back! How are you?",joy
"Good, good, life is good...",non-neutral
Good!,joy
"Ah well, I-I'm seeing someone.",non-neutral
"Oh, good for you.",neutral
"She's also a scientist, so she's very smart and pretty and... well, it's actually because of you, really, that we're together, I mean, I saw what you had with that Mike guy, and I just said ""Boy, I want that"".",non-neutral
Mike and I broke up.,sadness
"It means that we can keep trying, but there's    a good chance this may never happen for us.",sadness
I'm sorry.,sadness
I'm sorry too.,sadness
"Well, we're gonna... we're gonna figure this out.",non-neutral
I know.,non-neutral
"Okay, we have a lot of options here, a number of prototypes for you to try on.",neutral
Wow! This looks great!,joy
"Yeah! Okay, this one is a mushroom cap.  Umm, this one is made of bologna.",non-neutral
And-and-and-and-and the toothpicks?,non-neutral
You kissed another woman!,non-neutral
Call it even?!,neutral
Okay!,non-neutral
"Well, Im gonna go get these  in some water.",neutral
Wait you stole those from these peoples wedding?,surprise
"No-no, I took them from the hotel lobby.",neutral
"Yeah, they think they can charge me for some dirty movie and a bag of Mashuga nuts, they got another think coming.",anger
Hey!,surprise
My sweater!,surprise
Ive been looking for this for like a month!,surprise
Oh my God!!,surprise
Happy?! Is that what Im supposed to be Vic? Happy?,non-neutral
"Well, why dont you tell me what youre supposed to be!",anger
Huh?,surprise
Because I sure as hell cant figure it out!,anger
I talk to you and nothin.,non-neutral
"You look at me, and its nothin.",non-neutral
Nothing.,non-neutral
"Tasty! Im really starting to feel like you guys have a history, its-its nice.",joy
I have a question about this scene.,neutral
Yes?,neutral
"Well, I dont understand why Adriennes attracted to Victor.",non-neutral
"Peel the onion. First of all, hes good looking.",neutral
I think my characters gonna need a little bit more of reason than that.,neutral
"Oh, hey, how about this one.",neutral
"Ah, its says so in the script!",non-neutral
"Y'know ah, I-I dont know why my character likes you either, I mean it says in the script here that youre a bitch.",non-neutral
It doesnt say that in the script.,anger
It does in mine!,non-neutral
I cant,non-neutral
Yeah! You gotta tell a girl before you tape her. Such a rookie mistake.,non-neutral
Yknow who has a great video camera?,neutral
Greg and Jenny?,neutral
Do you still wanna call em? I wanna call em.,neutral
Lets call em.,neutral
Yeah! Ask them if they brought their friends any souvenirs!,joy
Hello?  Eighth street deli?,neutral
"Hey, hang up! You get food poisoning just talkin to that place.",disgust
"Uh sorry, wrong number.",non-neutral
Here you go.,neutral
Hello?   Its the deli again!,surprise
All right! Ill have a sandwich!,joy
I dont think this numbers right!,non-neutral
Oh come on!!,non-neutral
"Gotta go. I miss you too, I love you, but it's getting real late now",sadness
"Hey Ma. Listen, I made the appointment with Dr. Bazida, and... Excuse me?  Did you know this isn't Ma?",surprise
Her name's Ronni. She's a pet mortician.,neutral
Sure. So how long you been...,neutral
"Remember when you were a little kid, I used to take you to the navy yard and show you the big ships?",neutral
Since then?!,surprise
"No, it's only been six years.",neutral
I just wanted to put a nice memory in your head so you'd know that I wasn't always such a terrible guy.,neutral
...Joe.,neutral
Y'ever been in love?,neutral
...I d'know.,neutral
Then y'haven't. You're burning your tomatoes.,neutral
You're one to talk.,disgust
"Joe, your dad's in love big time. And the worst part of it is, it's with two different women.",neutral
Oh man. Please tell me one of 'em is Ma.,non-neutral
"Of course, course one of 'em's Ma. What's the matter with you.",surprise
"Everythings gonna be all right. Okay, Dick?",neutral
"Hello, I am Guru Saj--Whoa!!  Thats supposed to be a duck right? Cause otherwise, this is waaay out of my league.",surprise
"Hey, Rach, how was work?",neutral
"Oh, great. Although I did sit down where there wasnt a chair.",neutral
"By the way, Ross dropped by a box of your stuff.",neutral
"Oh, well, I guess I had that one coming.",neutral
"Im just gonna throw it out, its probably just a bunch of shampoo and...",neutral
Something wrong?,neutral
No. Nothing.,neutral
"And then, and then you said that thing about, about bringing the Mesozoic era in the 21st century.",neutral
"Yeah, that's it?",surprise
Yess!!,joy
We're teeth people Zack!,joy
"Dude, I am sorry about what I said!",sadness
"No, no, youre right, it is a ridiculous name!",non-neutral
Its not that bad.,neutral
"Yes it is! From now on, I have no first name.",non-neutral
"So, youre just Bing?",neutral
Because we won our apartment back!,joy
"What? Ace is high! Jack, queen, king, ace!",surprise
"No! Ace is low! Ace, two, three, four!",non-neutral
I dont know. Ooh! Ooh! Look it!  Ah-ha!,surprise
"All right, cut, lets pick again, pick again.",neutral
Come on apartment! Come on apartment!  Oh! I know queen is high!,non-neutral
"Uh-huh, not as high as It worked! King!",surprise
Yeah baby!,joy
"But, we pick again! We pick again!",joy
Why?!,neutral
I dont know!,non-neutral
Tickets please!  Thats courtside baby!,joy
"Seriously, good game though. Good game.   What are they so mad about? They get the apartment back!",surprise
No they didnt!,non-neutral
"You know, I don't think we brought enough stuff. Did you forget to pack the baby's anvil?",neutral
It's gonna be worth it.,neutral
"It's a known fact that women love babies, all right?",neutral
Women love guys who love babies.,neutral
It's that whole sensitive thing.,neutral
"Quick, aim him at that pack o' babes over there.",neutral
Maybe one of them will break away.,neutral
"No, no wait, for get them, we got one, hard left.",non-neutral
"All right, gimme the baby.",neutral
"No, I got him.",neutral
"No, seriously.",non-neutral
"Oh, seriously you want him?",surprise
Hello.,neutral
"Well, don't, don't think me immodest, but, me?",surprise
You wanna smell him?,neutral
"Oh, yeah. He's got that great baby smell. Get a whiff of his head.",joy
What'd I tell you? What'd I tell you?,non-neutral
"Well, we are great guys.",neutral
Bye.,neutral
"Well, not really.",neutral
"I mean technically its-its not against the rules or anything, but it is frowned upon.",neutral
"Especially by that professor we ran into last night, Judgey von Holierthanthou.",non-neutral
"Well Ross, you be careful now. You dont want to get a reputation as yknow Professor McNailshisstudents.",non-neutral
Yeah. What-what should I do?,non-neutral
"Well Ross, it seems pretty clear.",neutral
I mean whats more important?,neutral
"What people think or how you feel, huh?",neutral
"Ross, you gotta follow your heart.",neutral
Joey that is so sweet.,joy
"Hey-hey-hey! So, how did it go with Dana? Any reason I should leave a block of time open say Thursday?",neutral
I couldnt do it.,sadness
You couldnt do it?!,surprise
"Hey, relax I just need more time. Were going to dinner tonight.",neutral
What?! Youre going out with her again!,surprise
Going out with who?,neutral
"Uh, Dana Keystone from college.",neutral
Oh yeah! Wasnt she uh,surprise
"No, that was Dana Caplin.",neutral
Joey! You didnt even know her!,surprise
Ah whatever!,non-neutral
"Morning! Hey, hows my favorite genius and my little robot buddy?!",joy
Dont touch him!,anger
Okay!,surprise
"Umm, all right Wayne, level with me.",neutral
Okay?,neutral
I-I keep hearing all these rumors that I might get fired.,fear
"Okay, they even have actors coming in to read for my part!",non-neutral
"Come on man, you-you got to give me a second chance!",non-neutral
"I mean, I love-I love this little guy!",non-neutral
Ah-ah!!,surprise
"Okay, thats why you didnt want me to touch him right?",surprise
Here you go!,neutral
Stupid!,anger
God!,anger
"Hey, how you doin?",neutral
"Hi. Look um, about what happened earlier...",non-neutral
"No, hey, well, I-I completely understand. You were, you were stressed.",neutral
I was gonna give you a chance to apologise to me.,non-neutral
For what? For letting you throw me out of your office?,anger
You had no,anger
"Yeah, well excuse me for wanting to be with my girlfriend on our anniversary, boy what an ass am I.",anger
"But I told you, I didnt have the time!",anger
"Yeah, well you never have the time. I mean, I dont feel like I even have a girlfriend anymore, Rachel.",anger
"Wh, Ross what do you want from me?",anger
"You want me, you want me to quit my job so you can feel like you have a girlfriend?",anger
"Ooh, I have to tell you something.",non-neutral
But I cant tell you.,neutral
"Okay, but wouldnt it be easier if you had to tell me something that you could tell me.",neutral
"Well, sure in a perfect world. But, no, I promised I wouldnt tell, and I swore to like all my gods.",neutral
Okay. Does it have to do with Ross and Rachel?,neutral
Does it have to do with Joey?,neutral
Does it have to do with-with Chandler and that sock that he keeps by his bed?,neutral
"No, but lets come back to that later!",neutral
Richard!,joy
"Actually, Im not here to complement the chef.",neutral
"Ohh Oh, thats okay I hate when people come back to complement the chef.",neutral
Like I have nothing better to do!,neutral
So whats up?,neutral
"Well, it was great seeing you the other night.",joy
"Oh, good to see you too. Did you come down here to tell me that?",neutral
No! I came here to tell you something else.  I came here  to tell you I still love you.,joy
"One pregnant woman at a time, please! I just want you to be okay.",non-neutral
So forcing her to marry Bobby is gonna make that happen?,non-neutral
"Maybe!  Well! Wellso-so uh, what kind of music does Numb NutsOh forget it! I cant!",anger
"Joey, I am scared to death about this.",fear
"But I really think I can do it, Im just gonna need some help.",fear
And Bobbys gonna be here the whole time.,neutral
"You bet I am!  And to answer your earlier question, were straight-up gangster rap.",joy
"Look, Rachels told me how much easier youve made all this on her. Why cant you do that for me?",anger
Because! Cause Cause youre my baby sister!,non-neutral
And youre my big brother!,joy
"I mean, youre my favorite guy in the whole world.",neutral
Im not even scared to tell mom and dad.,neutral
I was scared of telling you.,fear
"Well Id be scared of them, but all right.",non-neutral
"Joey, I cant stand the thought of having this baby with you mad at me.",sadness
I want him to have his uncle.,sadness
Is my baby gonna have his Uncle Joey?,sadness
Of course hes gonna have his Uncle Joey!,joy
"Were gonna be all right. I mean, even if were not married this baby is gonna be so loved. Not just by us.",joy
Thats right! By his uncle too!,joy
And by you.,joy
"Okay Bobby, why dont we just come over here and let them have a little moment.",neutral
Come here!,non-neutral
No! Seriously! Whats wrong with you?!,non-neutral
I had a really nice time tonight.,joy
So did I. I'm really glad Monica asked us out.,joy
"I'd love to ask you in, but uh, my sister's visiting and I think she's asleep on the couch.",neutral
You're sister? You're sister's asleep on the couch?  Ohhh! I saw,surprise
"Oh hey, great, you're up. Rachel, this is my sister Krista. Krista, this is Rachel.",neutral
"Nice to meet you. I wish you'd told me we were having company, I'd fix myself up!",surprise
Like it would help.,neutral
You are so bad!,non-neutral
You are!,non-neutral
You are so dead! I'm gonna get you.,non-neutral
"Uh, it was very nice meeting you.",neutral
"Oh my God, it's that Victoria's Secret model. Something... something Goodacre.",surprise
"Hi Mom, it's Jill.",neutral
"She's right, it's Jill. Jill Goodacre. Oh my God. I am trapped in an ATM vestibule with Jill Goodacre!",surprise
"Yeah, I'm fine. I'm just stuck at the bank, in an ATM vestibule.",neutral
Jill says vestibule... I'm going with vestibule.,neutral
"I'm fine. No, I'm not alone... I don't know, some guy.",neutral
"Oh! Some guy. Some guy. 'Hey Jill, I saw you with some guy last night. Yes, he was",joy
"I say, Drew!",non-neutral
Are you seeing anybody right now?,neutral
"Og-ee-op, Im not asking for me, Im I mean No, Im-Im not gay, Im not asking you out.",non-neutral
Im not-Im not-Im not gay!,non-neutral
Personal shopping? What is that? Like where you walk around with snooty rich people and tell them what to buy?,neutral
Uh-huh.,neutral
That sounds great!,non-neutral
"Umm, excuse me, we switched apartments. You cant eat are food anymore, that-that gravy train had ended.",non-neutral
Theres gravy?,surprise
If you have the big apartment you have to deal with people coming over all the time.,neutral
"That fridge has got to be stocked, okay, thats your department now.",neutral
What are you doing?,neutral
I think I left a donut up here.,neutral
"So, in conclusion, the lines all go up , so Im happy.",neutral
Great job team!,joy
Tomorrow at 8:30.,neutral
Phil!,non-neutral
Nice job.,joy
Stevens!,non-neutral
Way to go!,joy
"Joel-burg, you maniac!",joy
I love ya!,joy
Bing!,joy
"Good job, couldnt have done it without ya.",joy
"Thank you, sir.",neutral
"Oh, excuse me. I forgot my briefcase y'know, by accident.",neutral
"Of course, you did.",non-neutral
Forgot something else too ya bastard!,non-neutral
"Well, what about you?",neutral
Youre not feeling left out or anything are ya?,neutral
"No. No, not at all, thats-thats ridiculous.",non-neutral
"Everybody else got one, and you want one too. Dont you?",non-neutral
"Ye-ye-yeah, yes I do!",sadness
"Now get on out of here, you!",non-neutral
Hey Bob.,neutral
Hey! Hows my pal Toby doing today?,joy
"If I see him, Ill ask.",neutral
Toby!,joy
Hey-hey! Bing? Was that Bob from six you were just talking too?,non-neutral
Oh then you know each other.,neutral
Were on a semi-first name basis.,neutral
What do you think of adding him to our team?,neutral
"Bob? Ooh, working here with us? Everyday? Yeah, I dont know if he has what it takes.",non-neutral
Really? They love him down on six.,surprise
But this is eleven. Its almost twice as hard up here.,neutral
Hey! Guess what I got for your wedding!,joy
A freakish thin date with a hanger for her head?,neutral
"No. Rachel hooked me up with a tux! But not just any tux, Batmans tux!",joy
What?,surprise
Thats right! Made expressly for Val Kilmer and worn by him in the hit filmthat Batman film he was in.,joy
You cant wear that! Im wearing the famous tux! James Bonds tux!,anger
So?,neutral
SoIf you wear that youll make mine less special.,sadness
"Sorry, I just dont like the idea of when I say ""I do,"" hes thinking, ""Yeah, Id do her too!""",non-neutral
Well then we still have a problem.,neutral
Yeah!,neutral
With what?,neutral
"Well, were trying to find someone to perform our wedding and theyre all either boring or annoying or yknow, cant stop staring at the ladies.",neutral
Oo! You should have one of us do it!,joy
"Phoebe, were getting",neutral
No! No! Its-its uh a real thing! Anyone can get ordained on the Internet and perform like weddings and stuff!,joy
Are you serious?,surprise
Yes! A friend of mine did it and its totally legal!,joy
I call it!!,joy
What?! No! It was my idea!,anger
Guys thank you very much but neither of you is marrying us.,neutral
Does calling it not mean anything anymore?!,anger
"We are going to have a legitimate member of the clergy! And when I say legitimate I mean, gay and in control of his saliva!",neutral
"See, I see.... big passion in your future.",joy
I do.,neutral
"Oh Ross, you're so great. [she playfully rubs his head and gets up]",joy
It's never gonna happen.,non-neutral
Everybody knows!,non-neutral
"That was supposed to be a good thing, I forget why.",neutral
"Just listen, Monica, I, do you know, okay, do you know, I couldnt sleep for like a month because I got like a dot of ink on one of the sofa cushions.",neutral
"Well, you-you coulda just turned the cushion over.",neutral
"Yeah, I wouldve except I had a big spaghetti stain on the other side.",neutral
What?!?!,surprise
"Okay, this is what Im talking about, this. I-I need to live in a land where people can spill.",neutral
You can spill. In the sink.,neutral
"Aw, honey its not your fault, y'know this is who you are, and I love you, and I want us to be friends, and if I keep living here I dont see that happening.",sadness
"I love you, too.",joy
"Aww, good.  What?",non-neutral
What? Im just said.,sadness
"No youre not, youre wondering which cushion it is.",neutral
Oh my God! Are you serious?!,surprise
I would love to live with you Ross; thats-thats great! Thank you!,joy
"Well, Im-Im just glad I could, yknow, help you out.",neutral
"Wow! Im-Im so happy for you guys.  This is so-so, not stupid.",non-neutral
"Ross-Ross, you have no idea what this means to me!",joy
"I mean, I mean I was gonna be homeless.",sadness
You just saved me!,joy
Youre my hero!,joy
"Hero, I uh, I dont knowwell, all right.",neutral
"Oh, I have to go tell Monica what a wonderful brother she has!",joy
"Oh please!   Youre gonna say things now, arent ya?",non-neutral
"No, I wont.",neutral
"But I should tell you this, this exact same thing happened to my roommate Denise.",neutral
"She moved in with a guy who was secretly married to her and he said he didnt love her, but he really did, and it just blew up!",non-neutral
And thats how she ended up living with me!,non-neutral
"Okay, thats a lie.",neutral
Ugh!!,disgust
What happened?,neutral
I ended up at Ross's place.,neutral
"Oh, I musta missed counted or something.",neutral
Damn!,anger
She's not there anymore.,non-neutral
"Oh, l-l-look, Ross is doing his 'Watching TV' bit.",neutral
"No Joey, I think he's just watchin' TV.",neutral
"...Dammit, hire the girl!  Okay, everybody ready?",non-neutral
"Uh, listen, I just wanna thank you for this great opportunity.",joy
Lose the robe.,neutral
Me?,surprise
That's great.,joy
"Well, I'm gonna get another espresso. Can I get you another latte?",neutral
"No, no, I'm still working on mine.",neutral
That's it?,surprise
"Yeah, it was really hard.",non-neutral
"Oh, yeah, that hug looked pretty brutal.",neutral
"Ok, you weren't there.",non-neutral
"Wow! Thats ah, thats pretty nice!",joy
Pretty nice?,neutral
"Youll have to pardon my roommate, he wanted to marry this.",neutral
"We dont have 50 bucks, but would you be willing to trade for it? Weve got a canoe.",neutral
"Y'know, I, I really dont think we need a canoe.",neutral
You gotta take the canoe!,non-neutral
"All right, just, just take the entertainment center, and then when you get home, throw the canoe away!",neutral
Were not throwing it away! I built that canoe!,anger
Good for you!!,non-neutral
Pheebs?,neutral
"Okay. Then I guess its just, wait here then.   Hi. I need one fake ticket to Yemen.",neutral
One ticket to Yemen?,surprise
"Oh no-no-no, no. No, no, no, I just, I just need a pretend ticket.",neutral
"Im sorry sir, I dont understand.",surprise
What would you give to a kid if he wanted a ticket to play with?,neutral
Are you travelling with a child?,neutral
"All right, yknow what, shes  gonna think that Im handing you a credit card, but what Im really gonna do is hand you a library card.",neutral
"Ah, sir a ticket to Yemen is $2,100 and we dont take library cards.",non-neutral
Whats the matter? Is something wrong? Do you have to stay?,non-neutral
"Okay, but this is the last time.",neutral
"With a chick-chick here, and a chick-chick there.",joy
"Here a chick, there a chick, everywhere a chick-chick--chickeeeen.",joy
Hows she doing?,neutral
She?,surprise
"Well yeah, dont-dont you think its a she?",non-neutral
"I dont know.  I cant tell, what ever it was went back in too quickly.",neutral
"Well, anyway, I got to go change, Im ah, meeting some of the cast for drinks.",neutral
Excuse me?,non-neutral
"Okay, good, so there you go. Go with Vince.",non-neutral
"Yeah, but Jason's really sensitive.",neutral
"Well sensitive is important, pick him.",neutral
"Oh sure, go with the sissy.",disgust
Jason is not a sissy!,anger
"Oh no-no-no-no, I meant Chandler.",non-neutral
"So uh, apparently people are familiar with the Europe story?",neutral
"Listen about that, the whole uh, who came on to who thing really doesnt matter.",neutral
"I mean, I think it wouldve happened either way.",neutral
I mean if you hadnt initiated it I-I-I know I wouldve.,neutral
It was an amazing night.,joy
It was. It was an amazing night.,joy
You think it looked amazing?,non-neutral
Do we have a name yet?,neutral
"No, not yet.",neutral
"Thats fine, for now well just call her Baby Girl Green.",neutral
"Oh no, Baby Girl Geller-Green.",neutral
Hello baby girl.,joy
"Ah-ha, nowhere to run!",non-neutral
I dont like sitting up here! Im just gonna over,non-neutral
No Rachel! They got here first!,non-neutral
Why is Ross doing that?,neutral
DANGER,fear
Oh my God! Why is he jumping on those women!,surprise
No thats all right. Dont worry about it.,neutral
Oh but look! Thats gonna leave a stain!,disgust
Rach! Hey! Its fine! Youre at Joeys!,non-neutral
Yeah! Look!,neutral
Ive never lived like this before.,non-neutral
"All right, dont waste it, I mean its still food.",neutral
"Hey Joey, is this the bed where Olivia lost her virginity?",neutral
"I don't know, but one of the extras sure did!  Hey, listen    Rach. Thanks again for coming down to watch my scenes!",joy
"Oh, please!Honey, just the fact that you want me here to support    you, I'm...OH MY GOD!Is that Christian Sanders?He's so",surprise
Also so,neutral
"Oh, in my head he's done some pretty ""not-gay-stuff""!",neutral
"Well, at the Christmas party him and Santa did some definitely    gay stuff!",neutral
"OK, you've got to promise that you'll never, ever tell Ross that I told you.",neutral
About what?,neutral
He's planning your birthday party.,neutral
Oh my God! I love him!,joy
You'd better act surprised.,fear
My surprise party!,joy
What surprise party?,surprise
Oh stop it. Joey already told me.,non-neutral
"Well, he didn't tell me.",neutral
"Hey, don't look at me. This is Ross's thing.",neutral
This is so typical. I'm always the last one to know everything.,anger
"No, you are not. We tell you stuff.",neutral
Yuh-huh!,anger
I was the last one to know when Chandler got bitten by the peacock at the zoo.,non-neutral
I was the last one to know when you had a crush on Joey when he was moving in.,non-neutral
Looks like I was second to last.,surprise
"Chandler, we still havent gotten an RSVP from your dad.",neutral
"Oh! Right. Umm, maybe thats because I didnt send him an invitation.",neutral
Chandler! Hes your father; he should be at the wedding.,anger
I dont even know the man. Okay? Were not that close. I havent seen him in years.,disgust
Well what are you gonna do when he finds out he wasnt even asked?!,non-neutral
Well he doesnt have to know!,non-neutral
Its not like we run in the same circles.,neutral
"I hang out with you guys, and he stars in a drag show in Vegas.",disgust
"Ooh, I think I wanna trade circles.",neutral
"Trust me, you dont want him there either.",non-neutral
Nobody is gonna be staring at the bride when the father of the groom is wearing a back-less dress.,disgust
So what! As long as hes not wearing a white dress and a veil I dont care.,neutral
"Okay, I think I need to do some shopping.",neutral
Hello! Whos in there?,neutral
How ya doin?,neutral
Who in the hell are you?,non-neutral
"I guess you wouldnt believe me if I said I was Kurt Douglas, huh?",neutral
"No-no, Rachel, dont get it! He cant see us!",fear
"No, yeah! The groom cannot see the bride!",non-neutral
Im not gonna marry Chandler!,non-neutral
Not after this!,anger
"Okay, you guys, just relax.  I doooo.",neutral
I gotta go.,neutral
"Oh, wait, Joshua! Joshua!   Yeah, well, that oughta do it.",non-neutral
"Sorry I'm late, but I left late.",neutral
"So Pheebs, what is the book about?",neutral
I thought you said you read it in high school.,neutral
"Well yeah, but then I remembered I started it and there was this pep rally and I was, I was on top of the pyramid but anywayumm, what is this book about?",neutral
"Excuse me, can I, can I bum one of those?",neutral
"Y'know what, actually  Okay, okay, okay, what's so funny over here?",neutral
I thought you didn't smoke.,non-neutral
"Oh, I thought you guys meant marijuana cigarettes, y'know?",neutral
"Y'know what I mean, like dubbies?",neutral
"And I actually, I thought to myself, ""Wow, those guys are crazy!""",surprise
"But no, I actually smoke the regular ones all, all the time.",neutral
We get high.,neutral
"Oh, me too.",neutral
I'm kidding.,neutral
"Oh, me too.",non-neutral
"Oh, are you sure you're ok?",non-neutral
Does it still hurt?,sadness
Yeah.,sadness
What a neat idea. All your clothes match. I'm gonna do this.,non-neutral
"Hey, how'd it go?",neutral
Excellent.,joy
"We ripped that couple apart, and kept the pieces for ourselves.",joy
"What a beautiful story. Hey, I'm fine by the way.",non-neutral
You know what? You are right. I,neutral
Good for you Pheebs!,joy
Ok.,neutral
"Okay  If you guys have microphones in there too, I didn't mean",neutral
This sucks! I didnt know I had to stay up all night before I went to this stupid sleep clinic! Im so tired!,anger
Its 6:00.,neutral
"Yeah, well",neutral
"Hey, I hear that you and Joshua are going out to dinner with Ross and Emily, and I think thats, I think thats really cool.",non-neutral
"Yeah, Rach, I think youre handling that really well.",neutral
Handling it?,neutral
"What do you mean, handling it?",non-neutral
Theres nothing to handle.,non-neutral
"Now, maybe I would have a problem with this if it wasnt for me and Joshua.",neutral
"Yknow, theyre not gonna get married anyway!",anger
Come on!,non-neutral
They rushed into this thing so fast its ridiculous!,disgust
"I mean, theyre gonna be engaged for like what?",non-neutral
A year?,non-neutral
"And somewhere along the way, one of them is gonna realise what theyve done and theyre call the whole thing off.",neutral
"Im telling ya, youre gonna be dancing at my wedding before youre dancing at theres.",joy
What the hell is this?!,surprise
"What, did you actually thought it would make me feel better to give me stuff that I cant use for another two months?!",anger
This sucks!,anger
"All right, whats my next present?",neutral
!,non-neutral
"All right, theres a nuclear holocaust, Im the last man on Earth. Would you go out with me?",neutral
Ennnh.,neutral
Ive got canned goods.,neutral
"Hey, you guys! Take a look at this!  Check this baby out, dug me a hole!",surprise
"Excellent hole, Joe.",neutral
Oh no! No!! My hole!!,surprise
Ow!! Ow!!!,non-neutral
What?! What?!! What is it?!,surprise
My drinking?,neutral
"Oh, I mustve said that after you left.",neutral
Said what? Exactly.,non-neutral
That you enjoyed the occasional drinking binge.,neutral
"Oh my God!! Ohh, that is it! Im leaving! You are just a horrible person!",disgust
Wait-wait-wait-wait-wait-wait-wait-wait!!,fear
If youre gonna get all sensitive about it!,anger
I dont want to lose you.,sadness
"What if I, create a position for you?",neutral
Ill make you an assistant buyer in this department.,neutral
Say more things like that.,joy
"You can have your own office, and a raise! Effective tomorrow.",non-neutral
Id need an expense account.,neutral
Done!,joy
And an assistant.,neutral
"Sophie, get in here!",joy
Monica? You gonna be very proud of me. I just got us dates with two unbelievably cute nurses.,joy
Oh my!,surprise
They're male nurses.,neutral
Not in my head.,neutral
"Anyway, they want to take us out Saturday night! What do you say?",joy
Umm.  Umm. Umm. I don't think so.,non-neutral
What are you talking about?!,surprise
You-you're the one who's been telling me to get over Ross and move on.,non-neutral
"I'm moving on, and you're moving on with me.",neutral
"Come on, give me one good reason why you don't wanna go.",neutral
"Umm, why don't you give",neutral
Harder than it sounds. Isn't it?,neutral
"Okay, you're coming with me, and I also told them that if we're still here when they get off that we'll go down to the cafeteria and have some",neutral
Yep! There's always room for,neutral
"Joey, how do you make",neutral
"Oh, it's easy. Yeah, I-I can do it with anything. Watch uh,  Grandma's chicken salad",neutral
"Hello, this is Monica...",neutral
Yeah???,neutral
Oh...,neutral
"Okay, yes, we'll be right, we'll be right down.",neutral
Okay. Lets bring it in.,neutral
"Wait no, honey, honey throw it to me, throw it to me.",neutral
That almost hit me in the face.,anger
"A stripper at a bachelor party, that is so cliché. Why don't you get a magician?!",non-neutral
"Well, if the magician can open my beer with his but cheeks, then all right.",neutral
Hey!,joy
Yknow Im-Im really glad we decided not to sleep together before the wedding.,joy
"Oh boy, me too!",joy
Yknow I was thinking if we had aa big fight and uh we broke up for a few hours,neutral
Yeah?,non-neutral
"Technically we could have sex again. What do you think, bossy and domineering?!",neutral
"The wedding is off, sloppy and immature!",non-neutral
Thats me! Come on!,joy
"Okay.  But wait, we cant. My Cousin Cassie is in the guest room, were supposed to have lunch.",neutral
"Well, get rid of her, obsessive and shrill.",neutral
Shrill?! The wedding is back on!,non-neutral
I thought I heard voices. You must be Chandler.,neutral
Hi! Nice to meet you!,joy
Nice to meet you too.,neutral
"So, are you ready to go?",neutral
Chandler!,non-neutral
Ill be right with you.,neutral
"Th-th-that's all it is, a third nipple.",neutral
Y'know?,neutral
Just your run-of-the-mill third nipple.,neutral
You can take it off.,neutral
Just slice that baby right off!,non-neutral
"Take your shirt off, and let's see what we're dealing with here.  What are you doing?",neutral
Just showing you my run-of-the-mill-slice-it-right-off third nipple.,neutral
Well that's not a third nipple.,neutral
No?,surprise
"First of all, it's on your ass.",neutral
"Well then, what is it?!",surprise
"Wait a minute, hold it.  Johnson! Will you come in here a moment?",neutral
I'm with Hamilton!,neutral
"He's good with rear things, bring him in too.",neutral
"Umm, this is great wine.",non-neutral
"Its from FranceIn EuropeWestern Europe. Yknow umm, a few years ago I actually was backpacking across Western Europe.",neutral
"Uh-hmmWait! It gets better. Um, yeah I was in Barcelona.",joy
I studied for a year in Barcelona.,neutral
"Anyway, umm so I was um, I was hiking",neutral
I love hiking!,joy
Oh thats great! I was hiking along the foothills of Mount Tibidaybo,joy
I get it!,joy
"So? Congratulations you two, I didnt even know you got married.",surprise
Oh we-we didnt.,non-neutral
No-no. We,fear
"Um uhWere-were just having this baby together but uh, uh thats all.",neutral
Why?!!,surprise
"Uh well ummwere just not in that place, yknow? But were very excited about this.",neutral
Oh. Well then shut me up.,neutral
Just tell me how.,neutral
"Uh-oh, I feel another one coming.",non-neutral
Sid you lucky deaf bastard.,non-neutral
"Let it go, Ross.",neutral
"Yeah, well, you didn't know Chi Chi.",neutral
Do you all promise?,neutral
Yeah! We promise! We'll be good!,non-neutral
Chandler? Do you promise to be good?,neutral
"You can come in, but your filter-tipped little buddy has to stay outside!",non-neutral
"Hey, Pheebs.",neutral
'Dear Ms. Buffay.,neutral
Thank you for calling attention to our error.,neutral
We have credited your account with five hundred dollars.,neutral
"We're sorry for the inconvenience, and hope you'll accept this-  -",neutral
Bye bye.,neutral
Whatcha doin'?,neutral
Ooh.,neutral
"Oh my God, honey we are so meant to be together. We both have copies of the",neutral
"Honey, both yours.",neutral
Hey! Great advice on that Joey thing!,joy
Yeah? The work problem?,neutral
Oh it was perfect! I mean it really felt like he was my friend again.,joy
What problem did you tell him you had?,neutral
"Oh thats not important. The point is, I reallyI think everythings gonna be okay.",neutral
"Okay, Ive got some Ones, you wanna put them in her panties?",neutral
"No thanks, Mom!",disgust
"Oh, no umm, hi, that-that, you have to put that out, cause Im pregnant.",non-neutral
"Ha-ha, its not my baby, ha-ha-ha!",non-neutral
"Very good,  so good.",joy
"I really, really enjoyed it. Very exotic.",joy
"Well, I just checked our messages and Joshua didnt call.",sadness
I mean youd think hed be worried about me not showing up at his club.,non-neutral
"Ugh, you know what makes it so much worse, Ross is all happy in Vermont!",non-neutral
Come on! Look where you are!!,non-neutral
"When you get a sec, another round of daiquiris.",neutral
"Remember, a virgin for me please.",neutral
Oh! And dont let me leave without getting the name of that carpet guy.,neutral
"Ahh, come on! Yknow whatyknow what, I think Im just gonna go home and call Kathy.",neutral
"Well, if you think it will help.",neutral
No!,anger
That was a test!,non-neutral
In a couple of hours Im gonna get really drunk and wanna call Kathy and you guys are gonna have to stop me!,non-neutral
"And then after that, Im gonna get so drunk, Im gonna wanna call Janice",non-neutral
You should! How is she?,non-neutral
Ohhh!!,anger
I think somebody needs another lap dance.,joy
"All right, I definitely taste nutmeg.",neutral
You do?,surprise
"You dont?  Well, thats the difference between a professional and a layman.",surprise
That and arrogance.,non-neutral
Hey! How was sailing?,joy
Wow thanks!,joy
Joe?,non-neutral
"Uh, youve had a lot of sex right?",neutral
"When? Today? Some, not a lot.",surprise
"Well, its just the reason that Im asking is because I kind of eh, uh, I was unable toI mean I really wanted to, but I couldnt.",fear
"There huhhmm, there-there was an incident.",fear
"Dont worry about that man, that happens.",neutral
Its happened to you?,surprise
Yeah! Once.,neutral
"Well, whatd you do?",surprise
I did it anyway.,neutral
Sup? Sup dude?,neutral
"Take whatever you want, just please dont hurt me.",fear
So youre playing a little,neutral
"Yes, on a scale from 1 to 10, 10 being the dumbest a person can look, you are definitely 19.",disgust
"Come on man, really how old?!",surprise
"Young! Youre a man-child okay?! Now go get changed because everybodys ready and please, oh please, keep my underwear!",disgust
And they knew about it?,surprise
"Okay, well Ross, what is this really about?",surprise
"Look, this is my home and I want to be able to come and go whenever I want!",anger
"Okay, I will find someplace else to do the rest of my appointments. I just dont know what the big deal is!",anger
"The big deal is I dont want naked, greasy strangers in my apartment when I want to kick back with a puzzlebeer! Cold beer.",non-neutral
"Okay, look, he's not gonna hurt them, right?",neutral
Do you always have to bring him here?,non-neutral
I didn't wanna leave him alone.,neutral
Alright?,neutral
We- we had our first fight this morning.,neutral
I think it has to do with my working late.,neutral
"I said some things that I didn't mean, and he- he threw some faeces...",neutral
"Y'know, if you're gonna work late, I could look in on him for you.",neutral
"Oh, that'd be great!",joy
"Okay, but if you do, make sure it seems like you're there to see him, okay, and you're not like doing it as a favour to me.",neutral
"Okay, but if he asks, I'm not going to lie.",neutral
"All right, check it out.",neutral
Check this out.,neutral
It says here that theres a place you can go to rent videos of all the museums!,non-neutral
"""Its almost as good as being there.""",neutral
Its better! You cant go to a museum in your underwear!,joy
Oh-ho! I bet the British version is gooooood!,joy
"Uh, may I help you?",neutral
"Yeah, I talked to you on the phone, Im the lady that got stuck with the racecar bed.",neutral
"Look, its like I told you, theres nothing I can do. You signed for it, Monica Velula Geller.",neutral
"All right, Jester man, look we wanna see the king.",neutral
Nobody sees the king!,anger
"Oh-ho-kay, Im talking to the king.",neutral
Hey! You cant go back there!,surprise
Oh my God.,surprise
"So, this must be kinda neat for ya, huh?",neutral
"I mean, your Dad tells me that you get a couple of days off school, and you, you ah, dont have to sell those cookies anymore.",neutral
"Well, I kinda wanted to sell the cookies. The girl who sells the most wins a trip to Spacecamp, and gets to sit in a",sadness
"Wow, you ah, you really like all this space stuff, huh?",surprise
"My Dad says if I spend as much time helping him clean apartments, as I do daydreaming about outer space, hed be able to afford a trip to the Taj Mahal.",neutral
I think you would have to clean a whole lot of apartments to go all the way to India.,neutral
"No. The one in Atlantic City, Dad loves the slots. He says hes gonna double the college money my Grandma left me.",non-neutral
"Oh, um, I dont know if thats a good idea.",non-neutral
"Oh. Look, just friends, I wont grope you. I promise.",neutral
"No, I just I think that its too soon.",non-neutral
"No its not too soon, I had lunch at a eleven.",neutral
I invented the game of Cups as a way to give Joey money.,neutral
And now you want that money back.,surprise
Exactly.,neutral
"Chandler, what kind of an idiot do you take me for?",non-neutral
Its not a real game! I made it up!,non-neutral
"Im sorry you lost your money, but I won it fair and square.",non-neutral
I don't know.,neutral
But I can see through your sheet.,neutral
"Yeah, yeah, that's her.",neutral
But y'know what?,neutral
"Doesn't matter, I'm never gonna get to meet her anyway.",sadness
"Because it's impossible to find her apartment! She lives in some like of hot girl parallel universe, or something.",sadness
"What are you talking about?  She obviously lives on the second floor, seventh apartment from the left!",surprise
No. No. No. She lives on the,non-neutral
"No, those first two windows,  that's the lobby.",neutral
"And y'know the other one over there, that's the stairway.",neutral
You've been counting wrong.,neutral
I did,non-neutral
"Monica, betting the apartment, I dont know about this.",non-neutral
"Rachel, I have not missed one question the whole game. I own this game! Look at my hand.",non-neutral
Why? Do you have the answers written on there?,surprise
"No! Steady as a rock! Now, are you with me.",neutral
"All right, lets do it.",non-neutral
Come on!,joy
"All right, gentlemen, youre up first.",neutral
You have 30 seconds. And the lightning round beginsstop it now. What was Monicas nickname when she was a field hockey goalie?,neutral
Big fat goalie.,neutral
Correct. Rachel claims,neutral
Dangerous Liaisons,neutral
Correct. Her actual favorite movie is...,neutral
Weekend at Bernies,neutral
"Well, look, why dont you just, why dont you do your Phase Two strip club thing with us.",neutral
"Yeah, come on, we can be guys!",joy
No you cant.,non-neutral
Come on! Let us be guys! Maybe we want to be guys!,non-neutral
"You dont want to be guys, youd be all hairy and wouldnt live as long.",non-neutral
"Yknow you, you just stop being such a wuss and get those off and you come with us and watch naked girls dance around!!",anger
"And y'know what, I just realised, in the last year Ive only gone out with two guys, Richard and Julio.",surprise
"You gotta help me out here, you gotta set me up, you gotta get me back in the game.",fear
"Well, that shouldnt be a problem. I mean I work in fashion and all I meet are eligible straight men.",neutral
"Pete, can I get you something else?",neutral
"Yeah, a slice of cheesecake and-and a date if youre given em out.",neutral
Havent you and I covered that topic?,neutral
"Hmm, come on, you just said to her that you.",neutral
"Aww, the only reason you want to go out with me because my blond wig, and the big boobs, and the fact that I serve you food.",non-neutral
"Well, if that were true, Id dating my Aunt Ruth.",non-neutral
And the two times we went out were just plain awkward.,disgust
"Come on, you think she should go out with me, dont you?",neutral
"Well, I mean, are you sure you want to go out with her?",non-neutral
"I mean that aint a pretty picture in the morning, yknow what I mean.",disgust
"That wig all in disarray, and boobs flung over the night stand, y'know.",disgust
"I mean really, think about it.",neutral
"Ho-ho, I will.",neutral
I believe I read that somewhere!,surprise
"That only is not funny, it's physically impossible!",anger
Ok?,non-neutral
Depending    on the species I'd have to have a six foot long...,non-neutral
It's not funny!,anger
!,anger
I respectfully disagree.,neutral
I can't believe you put that on my alumni page!,anger
Who cares? Nobody reads those things,neutral
You'd better hope not because I just read what you put on your    page today.,non-neutral
I don't have a page.,neutral
Oh oh oh! I RESPECTFULLY DISAGREE!!,non-neutral
I know I miss you too. I can't wait to see you. I love you. Bye.,non-neutral
"Okay, what is in here? Rocks?",surprise
"No-no, this is my collection of fossil samples.",non-neutral
"So, rocks.",disgust
"I'm really gonna miss this apartment. Y'know, Ben-Ben took his first steps right over there.",sadness
"Ohh. Hey, remember when I ran into this thing  and it kinda knocked me out a little?",joy
"I loved this place! To tell you the truth, I wish I didn't have to move.",joy
"Uhh, are you saying that you're not entirely happy about this?",surprise
"Well, I mean if uh, if Emily gave me a choice",sadness
You,neutral
"Hey, you guys! Look what I found in the giiiiiiift shop.  Get up! Get up! Get up!",joy
"I left a bra drying on the shower rod, you dont think your son will think its yours and be horribly traumatised?",non-neutral
"Hey, if mommy can have a wife, daddy can have a bra.",non-neutral
"Ohh, its time to go.",neutral
"Oh, no-no-no, see, that-that clocks a little fast, uh, we have 17 minutes.",non-neutral
"Huh, what can we do in 17 minutes?",neutral
Twice?,neutral
Well thats ambitious.,neutral
"Hey, uh, you can ignore that.",neutral
Thats Carol with your son!,surprise
"Mornings here! Sunshine is here! The sky is clear, the mornings here! The mornings here!",joy
HEY!! Do you,non-neutral
Oh come on! Mornings here!  Mornings here! The morning is here! Sunshine is here!,joy
Are you kidding? I love that guy!  Mornings here! Morning is here,joy
Stop it! I will kill you. I hate the fact that my room is so small.,non-neutral
"Hey, I have all the space I need. Just do what I did.",neutral
"Monica, you dont even have a bed, you sleep in a ball on the floor!",non-neutral
Yknow what? I am,neutral
Im sorry. Im so sorry.,sadness
"See, this is a",neutral
Shut up! This place is a hole!,anger
"All right buddy, time to roll over.",neutral
No-no!,non-neutral
"No, no-n-n-n-no!!",non-neutral
You are going to a clinic!,non-neutral
"Youre going to a clinic, and a pyjama store!",non-neutral
Are you under the sheet?,neutral
Yes.,neutral
"Great, lets begin.  Hows the pressure?",joy
Nice! Wow Phoebe you are good!,joy
"Stating the obvious, but thank you. And its not weird is it.",non-neutral
No. Ooohh,non-neutral
"Thats right, you just enjoy.",neutral
Oh. Oh yeah! Ohhhhh! Ohh! Oh yeah!,joy
Oh God Phoebe!!  Oh thats it! Thats it! Right there! Oh!  Ooooh-oooh-ooooh,joy
"Oh, Alice, hi!",surprise
Thanks.,neutral
"Im so glad you could come, cause Ive got a real umm, Home Ec emergency.",non-neutral
"Oh my God, who died on this?!",surprise
"Yeah, I know. Its a real mustard-tastrophe. Can you help me?",non-neutral
Become a drama critic!,non-neutral
I am hurt!  A plague on both your houses!,non-neutral
"By the way, he dumped me tonight after he read my review.",sadness
"Oh, classy.",disgust
"Yep! I sure know how to pick em, huh? Y'know I gave up a part on a soap for this!",non-neutral
"Wow! Yeah I ah, I gave up a job too.",non-neutral
Really. What?,surprise
"Uh, de-clawing cats.",non-neutral
"Hey, tell ya what.",neutral
Let me walk you home.,neutral
Well stop by every news stand and burn every copy of their Times and the Post.,non-neutral
Why the Post?,surprise
"Oh, you didnt see the Post?",surprise
No. You?,neutral
No. Why?,neutral
Hi Joey! What are you doing here?,joy
"Uhh, well Ive got an audition down the street and I spilled sauce all over the front of my shirt.  You got an extra one?",neutral
"Yeah, sure. Ummhere.",neutral
Great.  You got anything thats not,non-neutral
"Yeah, I dont think so Joe.",neutral
"All right, I guess this will be fine.",neutral
"Hey, listen umm, what-what are you doing tonight?",neutral
"Nothing, why?",neutral
How would you feel about taking out my assistant Tag? Ill pay.,neutral
"Huh, Rach I got to say its gonna take a lot of money for me to go out on a date with a dude.",disgust
Im not asking you to go on a,neutral
Really? Cause I could kinda use the money.,surprise
"Joey, just-just he-hes new in town and I know he doesnt have any guy friends.",neutral
Just take him to like a ball game or something.,neutral
Ill really appreciate it.,neutral
"Yeah, okay.",neutral
Yeah?,surprise
"Sure, no problem.  OohHey, donuts!",joy
"Problem odour in the litter box? Dont change your kitty, change your kitty litter.",neutral
"Sorry, Pheebs.",sadness
Yeah. You okay?,neutral
"No! Sorry, I just thought you were somebody else. Hi!",non-neutral
"Hi. Well, look, I was just gonna leave a message, isnt tonight your, your big anniversary dinner?",neutral
"Yeah. Well, umm.....",sadness
"Rach, are you okay?",surprise
"Yeah, Im fine.",sadness
"You wanna talk, I mean I can come over?",neutral
"No! Really, no, please, please, thats, thats okay.",sadness
"All right, all right, Im coming over, and Im bringing Chinese food.",non-neutral
"Oh, yeah, Im not, Im not hungry.",sadness
Its for me.,neutral
"Oh. Okay, bye.",neutral
"Come on, pick up, pick up!",fear
Hello?,neutral
Transit Authority?,neutral
"Yes, hello.",neutral
"I'm doing research for a book, and I was wondering what someone might do if they left a baby on a city bus.",neutral
Yes I do realize that would be a very stupid character.,non-neutral
"Hi, here's the deal.",neutral
We lost a carseat on a bus today.,neutral
"It's white plastic, with a handle, and it fits onto a stroller.",neutral
"Oh, and there was a baby in it.",neutral
He wants to talk to you again.,neutral
Im sorry Im a little late.,neutral
AhWhoa!,surprise
A lot late.,non-neutral
"Let me start by uh, by introducing myself, I am Professor Geller.",neutral
"So to sum up, Im Professor Geller.",neutral
Good job today.,non-neutral
"Good evening, sir.",neutral
My name is Ross Geller.,neutral
I'm one of the people who applied for the apartment.,neutral
And I-I realize that the competition is fierce butI'm sorry.,neutral
"I, I can't help but notice you're naked and  I applaud you.",non-neutral
"Man, I wish I was naked.",neutral
"I mean, this-this looks so great.",joy
That is how God intended it.,neutral
"Okay, I have to tell you something that I have never admitted during our entire friendship!",non-neutral
"But, when we were in high school I made out with James Farrell even when I knew that you liked him!",non-neutral
"Wow, that feels so good to get off my chest!",joy
"Okay, you go!",non-neutral
My turn? What-what are you talking about?,surprise
"Ugh, Monica, I know about you and Chandler.",disgust
"I overheard you guys on the phone the other day, and you said, ""I'll just tell Rachel that I'm doing laundry for a couple of hours.""",neutral
"And he said, ""Laundry?",neutral
Is,neutral
Well. Sounds like you're writing yourself a little play there Rach. Wow! Let me know how that one turns out.,non-neutral
"Well, I wouldn't know because I got so freaked out that I hung up the phone.",non-neutral
"Well, if you had kept listening, you-you would have heard me call him Mr. Bigot.",neutral
Mr. Bigot. He tells the most,neutral
All right. So you're telling me that there is nothing going on between you and Chandler.,non-neutral
Me and Chandler?!,surprise
"I really thought you making a good point. I mean y'know, until you got cut off.",neutral
"Yeah, what's up with that girl Monica?",neutral
I don't know! I didn't come with her!,non-neutral
All right everybody! Everybody guess what? I just convinced Paul to give us a test next week!,joy
A test?!!,surprise
Come on! Tests make us all better learners! Oh yeah!  We should have essay questions!!,joy
"Okay Ive got one for you, if you had too which one would you rather eat, a seeing eye dog or a talking gorilla?",neutral
"Id have to saythe talking gorilla, because at least I can explain to him that youre making me eat him.",neutral
Somebody went to college. Wow.  What is it? Im sorry.,surprise
"Okay, I hear you loud and clear. Bob will stay put.",neutral
I think its best sir.,neutral
But we really do need to find someone up here.,neutral
The work is starting to pile up.,neutral
Ive got a stack of documents on my desk this high.,neutral
"Yknow what you should do, just toss em in the shedder and claim you never got em.",neutral
Thats a good one.,neutral
What does a guy have to,neutral
"Yeah, yeah, everybody's here. Hey, everybody, say hi to Julie in New Mexico.",neutral
"Hi, Julie!",joy
Isnt there a national football league.,neutral
"Yes. Yes, there is, they play on Sundays and Monday nights.",neutral
Oh shoot! I work Monday nights.,sadness
"Umm, this stuffing is amazing. Do you think we should bring them some?",joy
"When theyre hungry enough, theyll come in.",neutral
"Hey Joey, you wanted to talk to me?",neutral
"I dont know. You uh, you got something for me?",neutral
"Oh, yeah, this is from Rachel.",neutral
Ten. Okay. Now Tag theres such a thing as too many women.,neutral
"Yeah, for you!",joy
"Oh, Danielle! I wasn't expecting the machine... Give me a call when you get a chance.  Bye-bye.  Oh God!",surprise
That's,neutral
"Hey, I've been honing!",non-neutral
What was with the dishes?,non-neutral
"Oh, uh..",fear
I want her to think I might be in a restaurant.. y'know?,fear
"I might have some kind of life, like I haven't been sitting around here honing for the past few hours.",non-neutral
"Look look! He's doing it again, the guy with the telescope!",surprise
Oh my God!  Go away!  Stop looking in here!,anger
"Great, now he's waving back.",disgust
"Man, we gotta do something about that guy.",disgust
"This morning, I caught him looking into our apartment.",disgust
It creeps me out!,non-neutral
I feel like I can't do stuff!,anger
What kinda stuff?,non-neutral
"Will you grow up? I'm not talking about sexy stuff, but, like, when I'm cooking naked.",disgust
You cook naked?,surprise
"Yeah, toast, oatmeal... nothing that spatters.",neutral
What are you looking at me for? I didn't know that.,surprise
Y'know they say a watched pot never beeps.,neutral
"Its just y'know, been a couple of hours, and she hasnt called. Not that I even care, y'know.",non-neutral
Phoebe why dont you just call her? You obviously want to.,neutral
You think you know me so well.,anger
"Well, dont cha wanna?",neutral
"Okay, well I do know you.",neutral
Thats what I said.,neutral
Well so?,neutral
I cant.,sadness
"She dumped me, I mean I totally trusted her and then one day it was Okay, bye Pheebs gone.",sadness
"Y'know what the saddest part is, when we were playing together, that was like the most fun Ive ever had in like all my lives.",sadness
"Ok, bye.  Well, Monica's not coming, it's just gonna be me and Rachel.",neutral
"Oh. Well, hold on camper, are you sure you've thought this thing through?",neutral
It's laundry. The thinking through is minimal.,neutral
"It's just you and Rachel, just the two of you? This is a date. You're going on a date.",joy
Nuh-uh.,non-neutral
Yuh-huh.,non-neutral
"So what're you saying here? I should shave again, pick up some wine, what?",surprise
"Well, you may wanna rethink the dirty underwear.",disgust
This is basically the first time she's gonna see your underwearyou want it to be dirty?,surprise
"Oh, and uh, the fabric softener?",non-neutral
"Ok, ok, now what is wrong with my",non-neutral
There you go.,neutral
"Ok, so it's just because it was my table, I have to buy a new one?",non-neutral
That's the rule.,neutral
"What rule? There's no rule, if anything, you owe me a table!",anger
How'd you get to that?,non-neutral
"Well, I believe the piece of furniture was fine until your little breakfast adventure with Angela Delvecchio",non-neutral
You knew about that?,surprise
"Well, let's just say the impressions you made in the butter left little to the imagination.",disgust
"Ok, ok, How about if we split it?",neutral
"What do you mean, like, buy it together?",non-neutral
Yeah,neutral
You think we're ready for something like that?,non-neutral
Why not?,neutral
"Well, it's a pretty big commitment, I mean, what if one of us wants to move out?",neutral
"Why, are you moving out?",non-neutral
I'm not moving out.,neutral
You'd tell me if you were moving out right,fear
"Yeah, yeah, it's just that with my last roommate Kip...",neutral
"Aw, I know all about Kip!",non-neutral
"It's just that we bought a hibachi together, and then he ran off and got married, and things got pretty ugly.",non-neutral
"Well, let me ask you something, was Kip a better roommate than me?",non-neutral
"Aw, don't do that",non-neutral
"Ooh, oh no! I have to go! I have a massage appointment.",non-neutral
"Oh no, stay here well keep doing this. Ill pay you.",neutral
"No, I got in trouble for that before. Ill see you later.",neutral
Absolutely.  I love the way you kiss.,joy
Oh my God! Oh my God! Im so sorry!,non-neutral
"Aw forget it, its from",neutral
You think you can knock up my daughter and then not marry her?! Im gonna kill you!!,anger
Yknow this is actually not a great time for me.,sadness
"Okay! So, well just stay married.",joy
"Yes, exactly!",joy
And I will make everyone call me Mrs. Geller!,joy
"Wow! This is so amazing. I uh, I really thought Id have to talk you into this more.",non-neutral
"Okay, see now Im scared because I dont actually think youre kidding.",fear
"Im-Im not kidding. Look I-I, I cant have",non-neutral
What-wh-what so well just stay married forever?!,surprise
"Okay, look, how is this gonna affect you?",neutral
Really?,non-neutral
I mean you fill some form out once and a while and instead of checking the box that says Ms you check the box that says Mrs.!,joy
Its,neutral
"Ohh, okay, Im sorry.",sadness
Youre right.,neutral
Yknow what?,neutral
"We absolutely can stay married, because I was under the impression that the boxes were far",non-neutral
Im asking you to do me a favor.,neutral
You are asking me to be your wife!,non-neutral
And as my wife I think you should grant me this favor.,neutral
"I know, I know, I'm such an idiot.",non-neutral
I guess I should have caught on when she started going to the dentist four and five times a week.,non-neutral
"I mean, how clean can teeth get?",non-neutral
"My brother's going through that right now, he's such a mess. How did you get through it?",neutral
"Well, you might try accidentally breaking something valuable of hers, say her-",neutral
-leg?,neutral
"That's one way! Me, I- I went for the watch.",neutral
You actually broke her watch?,surprise
"Ooh, steer clear of you.",surprise
That's right.,neutral
"Barry, I'm sorry...",sadness
I am so sorry...,sadness
"I know you probably think that this is all about what I said the other day about you making love with your socks on, but it isn't... it isn't, it's about me, and I ju-  Hi, machine cut me off again... anyway...",sadness
"No real-, honey, really its fine, just g-go with Susan.",neutral
"Really, I, no, I think girls night out is a great idea.",non-neutral
"Okay, okay, bye",neutral
So what are they doing?,neutral
"I dont know, something girlie.",non-neutral
"Hey, youre early.",neutral
What are you doing with the lamp?,surprise
Im just taking it to be re-wired.,neutral
"Oh, well dont take it to the same place you took the stereo, cause theyve had that thing for over a week.",disgust
"No, no, Mr. Heckles no one is making any noise up here.",neutral
Youre disturbing my oboe practice.,anger
You dont play the oboe!,non-neutral
I could play the oboe!,anger
Ohhh! That is soo sweet!,joy
"Okay, okay look, I know I'm being Mr. Inappropriate today, but it's just so tough, I mean see you walking around and I just wanna touch you and hold you, come on no one's around, just, just kiss me.",joy
"All right that's, that's it!! Get off her!",anger
What is going on?,surprise
What's going on?!  That's what's going on!!,anger
Ross!,surprise
I have been down in your store for twenty minutes trying to get a tie!,anger
What do I have to do to get some service?!,anger
Hi Rach.,neutral
Ross?,neutral
Hey its Mona! From the wedding.,joy
Oh hi!,joy
Wow! Uhhow are you?,surprise
"Im good except umm, you still owe me a dance.",neutral
"Oh thats right. Well uh, would you be interested in seeing a Ukrainian film?",non-neutral
Oh youre serious. Sure!,surprise
Great! Well umm,non-neutral
I think I might need one more cup of coffee.,neutral
"Sure! Uh, let me get it for ya.",neutral
"Look, I feel really bad about how I freaked you out before, so I called the father and asked him to meet you here so you can tell him.",sadness
Go!,anger
"What? Hey wait a minute! Phoebe, how do you even know who the father is?",surprise
"I may play the fool at times, but Im a little more than a pretty blond girl with an ass that wont quit.",anger
I believe this belongs to the father of your baby.,neutral
"Oh God Oh, hes in there right now?",surprise
Uh-huh. Now you can turn around or you can go in there and rip the Band-Aid off. What to you want to do?,neutral
"Uh, lets rip!",non-neutral
Really? Are you sure?,surprise
Oh Phoebe!,joy
"Okay, sorry. Yeah.",neutral
Hey Rach.,neutral
"Hey, thank you so much for these tickets, Chandler.",joy
"Oh well, this was a really important experience for me, and    I wanted to share it with you.",joy
"Oh, you're so wonderful.",joy
Why don't you like me! Chapter one: my first period.,non-neutral
"Can't believe you guys bought that, enjoy your slow death    .",non-neutral
I think there are people in there having sex.,non-neutral
"It can’t be me, I’m standing right here.",neutral
Wanna peek?,neutral
No!,disgust
Come on!,surprise
Y’know what? I don’t like you without mom.  Come on.,non-neutral
We’re not peeking?,non-neutral
Well I’m peeking.  Oh my God!,surprise
"Hello sir, you know Monica.",neutral
Chandler is fantastic!!,joy
"Oh God, we just clicked!",joy
Yknow how people just click?,joy
"Like he came by to pick me up, and I opened the door, and it was just like, click!",joy
Did he tell you?,surprise
"Oh, I....",non-neutral
"Oh, and hes got such a good heart! Doesnt he have a good heart?",joy
"Oh, I know...",non-neutral
"Oh, I know and hes soo sweet! Listen, he said he was going to call, so put him straight through.",joy
Isnt this great?!,joy
Dont spoil it.,neutral
"Hi, sweetie!",joy
"Hi, Ross.",neutral
"Yeah, huh.",neutral
Ive got some bad news.,sadness
What?,fear
"I can get a quick bite to eat, but then I have to come back up here.",neutral
"Come on sweetie! Youve had to work late every night for the past two weeks, what is it this time?",non-neutral
"Actually, its kinda my fault. I-I quit today.",non-neutral
"But work comes first!  Oh hey, but thats sad about you though, what happened? Burn out? Burn all out, did ya?",non-neutral
"Nooo, hes leaving for a better job.",neutral
"Oh well thats great, so I guess this is ah, this is good bye then. Huh?  Good bye.",non-neutral
"Okay, then.",neutral
Well were gonna miss you around here.,sadness
"Yeah, me too.",sadness
"So, see ya on Saturday.",neutral
"Yeah, you bet.",neutral
Whazzup??,neutral
"Seriously dude, 3 years ago.",non-neutral
"Listen, can you do me a favor?",neutral
I'm gonna be out today.,neutral
"Can you    just keep an eye on Joey, make sure nothing happens between him and Molly?",neutral
You don't trust him?,surprise
I think the check in is that way.,neutral
Ahh.,neutral
"Monica face it, Chandler is against marriage. And-and always will be!",neutral
Well theres some people who do want to marry me.,non-neutral
There are?,surprise
Yeah! Richard!,non-neutral
R-R-Richard said he wants to marry you?!  And-and Chandlers tellin ya how much he hates marriage?!,surprise
Thats right.,neutral
Chandler,neutral
You just told me that he hates marriage!,surprise
That-that hes a-a complex fellow whos unlikely to take a wife!,non-neutral
That-that hes against marriage and always will be!,non-neutral
You got,neutral
"You know you probably didn't know this, but back in high school, I had a, um, major crush on you.",fear
I knew.,neutral
You did! Oh.... I always figured you just thought I was Monica's geeky older brother.,surprise
I did.,neutral
Oh.,sadness
"Listen, do you think- and try not to let my intense vulnerability become any kind of a factor herebut do you think it would be okay if I asked you out?",fear
Sometime?,neutral
Maybe?,neutral
"Yeah, maybe...",non-neutral
"Okay... okay, maybe I will...",joy
Why?,surprise
"Well, I just thought itd make me feel good to do something nice for my friend.",neutral
"Well, youre amazing.",joy
Oh no-no-no.,neutral
"A TV as if it appears from nowhere! Thats the dream! Man, how did you afford this stuff?",surprise
"Well, yknow Im 29. I mean who needs a savings account.",non-neutral
"Oh, you are the best friends anyone has ever had.",joy
"Oh, I dont know.",non-neutral
"Oh-no-no-no, you are!",joy
"You do this, you give me the great advice, and hey listen, I was thinking about what you said yesterday about focusing on one woman, Im gonna do that.",joy
You mean with Casey.,neutral
"No-no-no, I think Im gonna see how things go with Kathy. Shes pretty cool.",neutral
Or Casey.,neutral
"No-no, Kathy.",neutral
Could be Casey.,neutral
"No. No, Kathy.",neutral
Consider Casey.,neutral
Yknow what I think?,non-neutral
I think somebodys got a little crush on Casey.,joy
How bout I fix you two up?,non-neutral
What do you think?,non-neutral
That all the pieces of my life are falling right into place!,joy
"Hey, anybody got a length of rope about six feet long with a little nouse at the end?",neutral
"Honey, whats the matter?",neutral
I just saw Janice.,neutral
"Cause every time I see your face, I cant help but fall from grace. I know.....",non-neutral
Wow! This girl is good.,non-neutral
"Oh-ho yeah! A song with rhyming words. Oo, I never thought of that before.",non-neutral
I like her.,neutral
Why? Because she can sing and play guitar and do both at the same time?,neutral
"Well, thats pretty much all Im looking for from these people.",neutral
Look at you. All jealous.,non-neutral
"Yeah Pheebs, come on, you two have completely different styles. Y'know, shes more.. y'know, and youre more",neutral
beside meeeee-eeee-ee. .,neutral
"Okay, see, see, everyone else is happy shes done.",non-neutral
"Okay, my next songs called: Phoebe Buffay, What Can I Say.",neutral
"I Really Loved When We Were Singing Partners, And I Shouldnt Have Left You That Way.",neutral
"Oh no, one of those look for the hidden meaning songs.",neutral
I have a question.,neutral
"Umm, I used your pen to draw on my friend's face.",neutral
A beard and a moustache.,neutral
"No,",neutral
What?! What else did he say?,surprise
"Umm, he said he thought I was funny.",neutral
"So Okay, look-look umm, let's just go downstairs, we'll have some fun, and you will forget all about it.",neutral
"Ross, no! There is",non-neutral
"Oh, come on! Rach, it's-it's not that bad.",neutral
"Ross, I am a human doodle!!",non-neutral
"Look, just because some idiot drew on your face doesn't mean you shouldn't have any fun!",neutral
"And besides, hey-hey-hey no one is even gonna",neutral
"Okay, there was",neutral
"Oh wait, dont you have to pay for your,  Busty Ladies?",non-neutral
"No, its okay. Some-some kid asked me to pick it up for him, but I dont",neutral
Oh yeah? Okay.,neutral
But! Dont you have to give him his money back?,surprise
"Uh-huh.  Hey, here you go buddy. Sorry, no porn for you.  Okay, lets go see Monica!",non-neutral
Oh my God!!! What are you doing?!!,surprise
"You said, you wanna come in for some lemonade?",neutral
So?!,non-neutral
"Whoa, ah!! Were you just gonna give me some lemonade?",surprise
Yeah huh!! Cover yourself up!,non-neutral
"Oh right, right.",neutral
"I dont believe this! When someone asks you in for lemonade, and to you that means they wanna have sex?",non-neutral
Well usually...yeah!,surprise
"Well, not just lemonade, iced tea, sometimes juice.",neutral
"Well, sorry, I just, I thought you liked me.",neutral
Im such a jerk.,sadness
"Its okay. I suppose it could happen to anyone, not anyone I know, but... By the way I can still see it.",neutral
Hmmm... this is so nice.,joy
"OK, I have a question. Well, actually, it's not so much a question as.. more of a general wondering... ment.",neutral
OK.,neutral
"OK. Here goes. For a while now, I've been wanting to, um....",neutral
Ohhh!!!!,surprise
"Yes, yes, that's right...",neutral
"Oh, look at the little cat!",surprise
What?  Ow!,surprise
"Well, I was probably going to do it at some point.",neutral
I didn't mean,neutral
Why not?,non-neutral
It's brilliant!,joy
"Goodbye Mike, we'll see you at the wedding, fella!",joy
"well, we probably won't invite you to the wedding...",neutral
"Thank you, Chandler.",neutral
Sincerely.,neutral
"Well, you're welcome! Glad I could help.",joy
How do you think I should propose?,non-neutral
"David, I'm pretending to",neutral
"Okay, you have 19 questions left. Use them wisely.  Come on Joey! You cant win if you dont ask any",joy
"Well, you promised me a fun road trip!",joy
Weve been on the road six hours and youve been asleep for five and a half!,anger
We are switching at the next rest stop and,non-neutral
All right. All right.,neutral
Yeah! And until then you are going to sing to me because the radios broken and you are selfish but have a nice voice.,non-neutral
Really? I dont,surprise
Sing!!,anger
"Man, this is a long drive! Are my eyes open? No!",non-neutral
Morning!,joy
Everything was delicious!,joy
Thank you!,joy
It was. The duck in particular was superb.,joy
Thank you!    You haven't said anything...,joy
Actually I do have one small complaint.,neutral
Oh..please!I-I welcome criticism.,neutral
The musician right outside the restaurant...it's kind    of a mood-killer!,non-neutral
What musician?,surprise
We did?,neutral
You owe me 20 bucks.,non-neutral
Thank you. Thank you so much!,joy
"Chandler, here you go, got your traditional Thanksgiving feast, you got your tomato soup, your grilled cheese fixin's, and your family size bag of Funyuns.",neutral
"Wait, wait, Chandler, this is what you're havin' for Thanksgiving dinner?",surprise
"What, what, what is it with you and this holiday?",non-neutral
"All right, I'm nine years old.",neutral
"Oh, I hate this story.",non-neutral
We just finished this magnificent Thanksgiving dinner.,neutral
"I have--and I remember this part vividly--a mouthful of pumpkin pie, and this is the moment my parents choose to tell me they're getting divorced.",sadness
Oh my god.,surprise
Yes. It's very difficult to appreciate a Thanksgiving dinner once you've seen it in reverse.,sadness
"Hey, who's this little naked guy?",surprise
That little naked guy would be me.,neutral
"Aww, look at the little thing.",surprise
"Yes, yes, fine, that is my penis. Can we be grown-ups now?",non-neutral
Who are those people?,surprise
Got me.,surprise
"Oh, that's Nana, right there in the middle.  'Me and the gang at Java Joe's'.",neutral
"Wow, Monica, you look just like your grandmother. How old was she there?",surprise
"Let's see, 1939... yeah, 24, 25?",neutral
Looks like a fun gang.,neutral
"Ooh, look-look-look-look-look! I got Monica naked!",joy
"Nono, that would be me again. I'm, uh, just trying something.",non-neutral
"So, whats this about?",non-neutral
"Rachel has something that she wants to tell you and umm, I believe that this is your red sweater.",neutral
No.  This is my red sweater.,neutral
Oh no. Could I get anyone a coffee orpoison? No? Just for me? Okay.,fear
Whats going on Rach?,non-neutral
"Nothing! Phoebe kinda made a mistake. But yknow you do wear that sweater a lot, are you involved in some kind of dare?",non-neutral
"Yknow, Im actually glad Phoebe called.",non-neutral
"I know we broke up because you thought I wasnt mature enough, but Ive really grown up and think we should get back together.",non-neutral
"Oh, its just not the right time.",non-neutral
It is the right time.,non-neutral
Kay!,non-neutral
in the category of Favorite Returning Male Character the nominees are: John Wheeler from,neutral
What the?!,surprise
"Youre an Aquarius, huh?",neutral
I bet youre a Gemini.,neutral
Nope.,neutral
Taurus?,neutral
Virgo?,neutral
Sagittarius?,neutral
Yep.,neutral
"I knew it! I knew it, ahh.",joy
Well I tell you what,neutral
Youre not gonna speed anymore right?,neutral
I wont speed.,neutral
And you promise youll get this taken care of right away?,neutral
I promise.,neutral
And in the meantime you better let him drive. Does he have a license?,neutral
Can he handle the stick?,neutral
Oh well,neutral
I can handle the stick!!,non-neutral
Oh hi.,neutral
I cant believe this is taking so long. How are you doing?,non-neutral
Oh not bad. Do you know that feeling when youre trying to blow a Saint Bernard out your ass?,non-neutral
Weirdest thing. Did I hearMother of God its true!,surprise
Chandler Bing!,surprise
Jan-Janice!,surprise
"Not just Janice, Janice in labor, contracting and everything.",non-neutral
"Oh, this should be easy. I have a very wide pelvis. You remember Chandler.",neutral
Janice I didnt even know you were pregnant! Whos the unwitting human whos essence youve stolen?,surprise
Its you. This is yours.,neutral
Look how nervous he gets! We havent slept together in years!,joy
Thats funny. Does it-does it hurt? Does the labor hurt?,fear
"Man, Im starving! What the hell was I thinking at dinner?! ""Do you want soup or salad?"" Both! Always order both!",non-neutral
"Yknow, yknow Im lookin and I dont think anyones home here.",neutral
"I say we just break the window, crawl through, and-and yknow explain later.",neutral
Yeah? Really? No ones home?,surprise
I dont think so. Hello?  When you get in there,neutral
"Hey, what's up?",neutral
I just saw Danny getting on the subway with a girl and he had his arm around her.,sadness
"Oh, honey, I'm sorry.",sadness
"Well, you should be, this is all your fault! You meddled in our relationship!!",anger
You had no relationship!!,anger
"No, but I was doing my thing and everything was going according to the plan!",anger
"Oh God, stop with the plan!",anger
"So what, so what you saw him with a girl?",neutral
Who cares?!,anger
That doesn't mean anything!,anger
"Now look, you're going to go out on a date with Danny and you're going to be so charming he's gonna forget all about that stupid subway girl.",neutral
She was kinda stupid.,non-neutral
You're right.,neutral
"All right, I'm just gonna go on the date.",neutral
I'm gonna go on the date.,neutral
That is the new plan.,neutral
"Come on, hurry!",non-neutral
Phoebe!,surprise
Ta-da.,joy
"Ahh, look at you, you look great.",non-neutral
"Do I? Thank you, so do you.",neutral
Sparkly.,neutral
"So, wow, this is pretty wonerful, huh.",joy
Mr. major capades guy.,neutral
"I, I remember when you were just, like, King Friday in Mr. Roger's Ice is Nice.",neutral
You always said I'd make it.,joy
"Yeah, well, ya know, I'm kind of spooky that way. Wooo.",neutral
I missed you.  I'm gonna get changed.,neutral
"Um, now. Phoebs.",neutral
"Oh, right, OK. Ole.",neutral
"Um, the matador.  Ole, ha ha ha.",joy
"Hi Joey it's Jane Rogers, can't wait    for your party tonight.",joy
"Listen, I forgot your address, can you give me a call?",neutral
"Thanks, bye.",neutral
What's happenin'?,neutral
"Yeah, it's a real shame you can't make it to that one-woman    show tonight.",sadness
"Oh, I'd love to, but I gotta get up so early the next day and    so, you know me, work comes first",neutral
"Oh, yeah, yeah, yeah...",neutral
"""Hi Joey, it's Jane Rogers can't wait for your party tonight""",joy
Stupid Jane Rogers!!,anger
You are having a party tonight??,surprise
Kinda have a... a thing for the Days Of Our Life's people.,neutral
And you weren't going to tell us? How did you think you were    gonna get away with that?,non-neutral
I do it every year.,neutral
You do that every year??,surprise
I didn't have to tell you that!! I'm stupider than Jane Rogers!!,anger
"Oh, that's why you got these tickets to that play, to get rid    of us??",non-neutral
Yeah...,neutral
And last year is that why you sent us to that medieval times    restaurant?,non-neutral
"OH! And the year before that, when you set up that nighttime    tour of that button factory?",non-neutral
Who's this from?,surprise
"Oh, that's Ross's.",neutral
Oh...  Oh my God. He remembered.,surprise
Remembered what?,neutral
It was like months ago.,surprise
"We were walking by this antique store, and I saw this pin in the window, and I told him that it was just like one my grandmother had when I was a little girl.",non-neutral
I can't believe he remembered!,surprise
"Oh, it's so pretty. This must have cost him a fortune.",surprise
I can't believe he did this.,surprise
"Come on, Ross? Remember back in college, when he fell in love with Carol and bought her that ridiculously expensive crystal duck?",neutral
What did you just say?,surprise
F-hah.... flennin....,fear
Oh.... my God.,surprise
I really like waking up with you.,joy
"I like waking up with you too.  Oh! It's such a beautiful morning.  Oh, I can stay here all day.",joy
That would be great!,joy
We could have breakfast in bed,joy
"Wait, just a second.",non-neutral
Okay.  Oh! Oh no.,surprise
"Well that was depressing, I think I just bought a soft pretzel from one of the kids from",sadness
Um-hmm. Oh wait! This is Bonnie.,surprise
This is Bonnie?  This is Bonnie?  Youre Bonnie?,surprise
I can show you an ID if you want?,neutral
"Oh no, Im sorry, you look a lot different from the last time I-I saw you.",surprise
"Oh yeah, well I just started wearing bras again.",neutral
"Oh, that must be it.",neutral
Well I hope you have fun tonight.,neutral
Thanks! You too.,joy
I believe it.,neutral
No you dont.,non-neutral
"Yes, I do.",neutral
"No you doy'know what, youre not gonna suck me into this.",anger
"Oh sure I am, because you always have to be right.",anger
"I do not always have to beokay, okay.",anger
Jurassic Park,neutral
"I'm telling you, something's wrong! My brother does not stay out all night.",fear
Maybe we should check the trash chute.,neutral
Ross couldn't fit down the trash chute.,neutral
"That's right, he almost could. Which is exactly how I got stuck there.",neutral
There he is!,non-neutral
Oh my God!  Where the hell have you been?!!,anger
"Just, y'know out.",neutral
"Ohh, out, oh God, I don't know why we didn't think to check there!",non-neutral
What were you doing?,neutral
"I uh, went to a bar. And then I just uh, just walked around for a while.",neutral
You walked around all night in the city by yourself?,non-neutral
He hooked up! He hooked up with someone.,non-neutral
"Look, I don't have to answer your questions! Okay? I'm a big boy, I can do whatever I want!",anger
He hooked up!! Tell us about her!,joy
Ross you left you scarf in Hey you guys.,neutral
"Oh yeah, that looks good.",neutral
You guys make a,neutral
"Yeah, we look great together.",joy
"Yeah, we",neutral
Wow! Imagine what our kids would look like!,joy
"Yknow, we dont have to imagine.",neutral
Im marrying her.,joy
Well just see.,neutral
Hey! Hey! Be careful around my Porsche!,non-neutral
Hi Joey.,neutral
Hey! How you doin?,neutral
He has the most amazing Porsche under there!,joy
"Id love to show ya, but I just tucked her in.",neutral
Shes sleeping.,neutral
"Hey uh, would you two girls like to go for a drink?",neutral
"Well, the old lady died.",sadness
And how do I know?,neutral
Her dying wish was for one last kiss.,neutral
"But I dont care,  because you got the apartment.",non-neutral
Yes!,joy
Ewww. Yeah. Umm. I think Im gonna stay here.,disgust
Isnt that great?,joy
Ezels!!,non-neutral
"Smelly cat, smelly cat, what are they feeding you? Smelly cat, smelly cat, its not your fault.",non-neutral
"Wow, thats great.",non-neutral
"Oh, yeah!",joy
"Y'know you could totally sell this. Itd be perfect for like umm, a kitty litter campaign.",neutral
"I..., a jingle? No, no-no-no, no.",non-neutral
What? Why not? You could make a ton of money.,surprise
"Okay, well if I was in this for the money, Id be a millionaire by now, y'know.",neutral
You just got to get out of that jingle head sweetie.,neutral
"Aw, youre right, youre right. Im sorry.",neutral
"Thats okay. All right, Im gonna play song thats really, really sad. Its called Magician Box Mix Up.",non-neutral
"Okay sir, um-mm, let see if I got this right.",neutral
"Ah, so this is a half-caf, double tall, easy hazel nut, non-fat, no foam, with whip, extra hot latte, right?",neutral
"Okay, great.",joy
You freak.,disgust
Thank you.,joy
"Um, coffee to go, please.",neutral
Isabella Rosselini.,neutral
Are you serious?  Oh my God.,surprise
Damn! I cant believe I took her off my list.,non-neutral
Why? Cause otherwise youd go for it?,neutral
"Yeah, maybe.",neutral
"Oh-oh, you lie.",disgust
What you dont think Id go up to her?,neutral
"Ross, it took you ten years to finally admit you liked me.",neutral
"Yeah, well missy, you better be glad that list is laminated.",anger
"You know what honey, you go ahead, well call her an alternate.",neutral
"Okay, hold my crawler.",neutral
"Rach, are you really gonna let him do this?",surprise
"Honey, hes about to go hit on Isabella Rosselini. Im just sorry we dont got popcorn.",non-neutral
"Okay, that's, that's enough.",neutral
'....,neutral
Won't you dance around with me.,non-neutral
A-ha!!!,surprise
"Oh-oh-oh, yeah!  That's right, you take good care of those babies!",joy
Excuse me?,surprise
"It's me, Joey!",joy
Do I know you?,surprise
Joey!,non-neutral
"Oh-ho, yeah. Yeah, the hand guy.",neutral
Okay thats fair.,neutral
Good!,neutral
Pick one.,neutral
Left!  Thank you.,joy
Youre welcome.,neutral
Joey!  We should just switch.,non-neutral
Yeah absolutely!,joy
"Rachel, were sorry for pushing those guys on you.",sadness
Oh thats all right!,joy
"Yknow, I ended up having a really good time.",joy
"Yknow, the charity was a big success and they raised a lot of money and awareness.",joy
So what was it for anyway?,neutral
I wanna say a disease.,neutral
I just got this really weird message from Ross. He said turn on,neutral
Huh. All right.,neutral
"Oh my God, look! Thats Elizabeth!",surprise
Oh-oh Professor Geller.,neutral
"Ahh, to be 13 again.",neutral
"Hey! So uh, was he excited about the tickets?",neutral
No! He blew us off!,anger
I know!,surprise
I cant believe it.  Can I tell you something? Im a little mad at him now.,anger
Can I tell you something? Me too.,anger
"Yknow what? He didnt want to talk to us about being angry, well maybe we dont talk to him",anger
